INSERT INTO branch VALUES
(null,"Via Flaminia",87,"Ρώμη"),
(null,"Via Leone Magno",2,"Ρώμη"),
(null,"Via della Moletta",17,"Ρώμη"),
(null,"Via Salvatore Talamo",26,"Ρώμη"),
(null,"Via Arbe",3,"Μιλάνο"),
(null,"Via Vignola",41,"Μιλάνο"),
(null,"Via Duomo",38,"Νάπολη"),
(null,"Via Luigi Volpicella",21,"Νάπολη"),
(null,"Via Vittorio Alfieri",8,"Τουρίνο"),
(null,"Via Umberto Giordano",51,"Παλέρμο");


INSERT INTO phones VALUES
(1,6923454351),
(2,6921234650),
(3,6923458432),
(4,6923454351),
(5,6923454351),
(6,6923454351),
(7,6942544234),
(8,6923453245),
(9,6923454351),
(10,6934875674);


INSERT INTO worker VALUES
(8284363,"Γιώργος","Γεωργίου",1432.10,1),
(4922962,"Αντώνης","Αντωνίου",2233.03,2),
(7569723,"Ανδρέας","Ανδρέου",1800.43,3),
(9634855,"Λούκας","Λουκά",2334.45,4),
(5669859,"Κώστας","Κώστα",1700.11,5),
(9778872,"Ιωάννα","Ιωάννου",1233.23,6),
(0027123,"Ορέστης","Ορέστη",1200.00,7),
(1173303,"Εφραιμ","Εφραιμίου",2452.01,8),
(1318228,"Ιουλία","Ιουλίου",1309.00,9),
(2173148,"Μπρους","Γουέην",5000.00,10),
(6445806,"Έμιλι","Τάουνσεντ",2559.00,1),
(6930705,"Όλυ","Ντέιβιντσον",1904.00,2),
(1991121,"Ουέιντ","Ζίμερμαν",4020.00,3),
(5920309,"Γιώργος","Τζιοβάνης",5000.99,4),
(4786524,"Βίκτορ","Τζάκσον",3024.00,5),
(5727702,"Τίμοθι","Ρότζερς",1684.00,6),
(9961983,"Ματθίλντα","Χάμφρεϊ",3076.00,7),
(1180502,"Μάιλς","Κοξ",2499.00,8),
(6058737,"Μάθιου","Φόλεϊ",4171.00,9),
(2232113,"Μπρουκ","Ουίλιαμς",2127.00,10);

INSERT INTO _admin VALUES
(6445806,"ADMINISTRATIVE","Bachelor of Arts in Business Administration"),
(6930705,"LOGISTICS","Bachelor of Science in Logistics Management"),
(1991121,"LOGISTICS","Bachelor of Science in Logistics Management"),
(5920309,"ADMINISTRATIVE","Bachelor of Arts in Business Administration"),
(4786524,"ACCOUNTING","Bachelor of Science in Accounting"),
(5727702,"ACCOUNTING","Bachelor of Science in Accounting"),
(9961983,"ADMINISTRATIVE","Bachelor of Arts in Business Administration"),
(1180502,"ACCOUNTING","Bachelor of Science in Accounting"),
(6058737,"ADMINISTRATIVE","Bachelor of Arts in Business Administration"),
(2232113,"LOGISTICS","Bachelor of Science in Logistics Management");

INSERT INTO driver VALUES
(8284363,"A","LOCAL",7),
(4922962,"C","ABROAD",2),
(7569723,"B","ABROAD",5),
(9634855,"D","LOCAL",1),
(5669859,"B","LOCAL",5),
(9778872,"A","ABROAD",9),
(0027123,"C","ABROAD",4),
(1173303,"B","ABROAD",6),
(1318228,"D","LOCAL",1),
(2173148,"A","LOCAL",10);


