INSERT INTO branch VALUES
(null,"Via Flaminia",87,"Ρώμη"),
(null,"Via Leone Magno",2,"Ρώμη"),
(null,"Via della Moletta",17,"Ρώμη"),
(null,"Via Salvatore Talamo",26,"Ρώμη"),
(null,"Via Arbe",3,"Μιλάνο"),
(null,"Via Vignola",41,"Μιλάνο"),
(null,"Via Duomo",38,"Νάπολη"),
(null,"Via Luigi Volpicella",21,"Νάπολη"),
(null,"Via Vittorio Alfieri",8,"Τουρίνο"),
(null,"Via Umberto Giordano",51,"Παλέρμο");


INSERT INTO phones VALUES
(1,6923454351),
(2,6921234650),
(3,6923458432),
(4,6923454351),
(5,6923454351),
(6,6923454351),
(7,6942544234),
(8,6923453245),
(9,6923454351),
(10,6934875674);


INSERT INTO worker VALUES
(8284363,"Γιώργος","Γεωργίου",1432.10,1),
(4922962,"Αντώνης","Αντωνίου",2233.03,2),
(7569723,"Ανδρέας","Ανδρέου",1800.43,3),
(9634855,"Λούκας","Λουκά",2334.45,4),
(5669859,"Κώστας","Κώστα",1700.11,5),
(9778872,"Ιωάννα","Ιωάννου",1233.23,6),
(0027123,"Ορέστης","Ορέστη",1200.00,7),
(1173303,"Εφραιμ","Εφραιμίου",2452.01,8),
(1318228,"Ιουλία","Ιουλίου",1309.00,9),
(2173148,"Μπρους","Γουέην",5000.00,10),
(6445806,"Έμιλι","Τάουνσεντ",2559.00,1),
(6930705,"Όλυ","Ντέιβιντσον",1904.00,2),
(1991121,"Ουέιντ","Ζίμερμαν",4020.00,3),
(5920309,"Γιώργος","Τζιοβάνης",5000.99,4),
(4786524,"Βίκτορ","Τζάκσον",3024.00,5),
(5727702,"Τίμοθι","Ρότζερς",1684.00,6),
(9961983,"Ματθίλντα","Χάμφρεϊ",3076.00,7),
(1180502,"Μάιλς","Κοξ",2499.00,8),
(6058737,"Μάθιου","Φόλεϊ",4171.00,9),
(2232113,"Μπρουκ","Ουίλιαμς",2127.00,10),
(1548698, "Μάνος","Αναστασίου",2568.00,1),
(1489865,"Κωσταντίνος","Κατακουζηνός",4999.99,2),
(5268964, "Θωμά", "Αντωνίου",1234.56,3),
(2356484,"Κωσταντίνος","Κυριάκου",1000.00,4),
(7895964,"Μαρία","Παρασκευά",4856.70,5),
(1457846,"Γεωργία","Παναγιώτου",3568.99,6),
(5684685,"Χριστίνα","Χρίστου",2563.78,7),
(6564561,"Παναγιώτα","Γεωργίου",4038.00,8),
(6623468,"Παρασκεύη","Κωσταντίνου",1457.86,9),
(3154985,"Κυριακή","Θωμά",5458.48,10);

INSERT INTO _admin VALUES
(6445806,"ADMINISTRATIVE","Bachelor of Arts in Business Administration"),
(6930705,"LOGISTICS","Bachelor of Science in Logistics Management"),
(1991121,"LOGISTICS","Bachelor of Science in Logistics Management"),
(5920309,"ADMINISTRATIVE","Bachelor of Arts in Business Administration"),
(4786524,"ACCOUNTING","Bachelor of Science in Accounting"),
(5727702,"ACCOUNTING","Bachelor of Science in Accounting"),
(9961983,"ADMINISTRATIVE","Bachelor of Arts in Business Administration"),
(1180502,"ACCOUNTING","Bachelor of Science in Accounting"),
(6058737,"ADMINISTRATIVE","Bachelor of Arts in Business Administration"),
(2232113,"LOGISTICS","Bachelor of Science in Logistics Management");

INSERT INTO driver VALUES
(8284363,"A","LOCAL",7),
(4922962,"C","ABROAD",2),
(7569723,"B","ABROAD",5),
(9634855,"D","LOCAL",1),
(5669859,"B","LOCAL",5),
(9778872,"A","ABROAD",9),
(0027123,"C","ABROAD",4),
(1173303,"B","ABROAD",6),
(1318228,"D","LOCAL",1),
(2173148,"A","LOCAL",10);

INSERT INTO guide VALUES
(1548698,"passionate,knowledgable "),
(1489865,"Experienced, Knowledgable, adaptable, reliable"),
(5268964,"Passionate"),
(2356484,"adaptable"),
(7895964,"Experienced, Knowledgable, friendly, adaptable"),
(1457846,"Knowledgable, Passionate, adaptable"),
(5684685,"knowledgable,reliable"),
(6564561,"Experienced,friendly,reliable,hardworking"),
(6623468,"Approchable,friendly"),
(3154985,"Experienced, Knowledgable, friendly, adaptable, reliable");

INSERT INTO languages VALUES
(1548698,"English"),
(1489865,"Greek "),
(5268964,"Greek"),
(2356484,"English"),
(7895964,"Russian"),
(1457846,"Egyptian"),
(5684685,"French"),
(6564561,"German"),
(6623468,"chinese"),
(3154985,"Japanese");

INSERT INTO trip VALUES
(NULL, "2023-03-01 13:00:00", "2023-03-07 17:00:00", 2, 449.99, 1, 1548698, 8284363),
(NULL, "2023-03-03 11:00:00", "2023-03-07 12:00:00", 1, 200.00, 2, 1489865, 4922962),
(NULL, "2023-03-06 10:00:00", "2023-03-09 17:00:00", 3, 529.99, 3, 5268964, 7569723),
(NULL, "2023-03-08 09:00:00", "2023-03-12 11:00:00", 4, 600.00, 4, 2356484, 9634855),
(NULL, "2023-03-15 03:00:00", "2023-03-19 01:00:00", 2, 449.99, 5, 7895964, 5669859),
(NULL, "2023-03-18 19:00:00", "2023-03-21 19:00:00", 3, 529.99, 6, 1457846, 9778872),
(NULL, "2023-03-20 22:00:00", "2023-03-25 16:00:00", 2, 449.99, 7, 5684685, 0027123),
(NULL, "2023-03-27 23:00:00", "2023-03-29 12:00:00", 2, 449.99, 8, 6564561, 1173303),
(NULL, "2023-03-28 01:00:00", "2023-03-30 13:00:00", 4, 600.99, 9, 6623468, 1318228),
(NULL, "2023-03-29 20:00:00", "2023-04-03 15:00:00", 3, 529.99, 10, 3154985, 2173148);

INSERT INTO event VALUES
(11 , "2023-03-02 13:00:00", "2023-03-03 17:00:00", "heavy metal concert"),
(12 , "2023-03-04 11:00:00", "2023-03-05 12:00:00", "rock concert"),
(13 , "2023-03-07 10:00:00", "2023-03-08 17:00:00", "pop concert"),
(14 , "2023-03-09 09:00:00", "2023-03-10 11:00:00", "jazz concert"),
(15 , "2023-03-16 03:00:00", "2023-03-17 01:00:00", "heavy metal concert"),
(16 , "2023-03-19 19:00:00", "2023-03-20 19:00:00", "rock concert"),
(17 , "2023-03-21 22:00:00", "2023-03-22 16:00:00", "pop concert"),
(18 , "2023-03-28 23:00:00", "2023-03-29 12:00:00", "jazz concert"),
(19 , "2023-03-29 01:00:00", "2023-03-30 13:00:00", "heavy metal concert"),
(20 , "2023-03-30 20:00:00", "2023-03-31 15:00:00", "rock concert");

INSERT INTO destination VALUES
(NULL, "Athens", "Greece", "LOCAL", "GREEK", 11),
(NULL, "Thessaloniki", "Greece", "LOCAL", "GREEK", 12),
(NULL, "Rome", "Italy", "ABROAD", "ITALIAN", 13),
(NULL, "Milan", "Italy", "ABROAD", "ITALIAN", 14),
(NULL, "Paris", "France", "ABROAD", "FRENCH", 15),
(NULL, "Lyon", "France", "ABROAD", "FRENCH", 16),
(NULL, "Berlin", "Germany", "ABROAD", "GERMAN", 17),
(NULL, "Munich", "Germany", "ABROAD", "GERMAN", 18),
(NULL, "Beijing", "China", "ABROAD", "CHINESE", 19),
(NULL, "Shanghai", "China", "ABROAD", "CHINESE", 20);

INSERT INTO travel_to VALUES
(11, 11, "2023-03-01 13:00:00", "2023-03-07 17:00:00"),
(12, 12, "2023-03-03 11:00:00", "2023-03-07 12:00:00"),
(13, 13, "2023-03-06 10:00:00", "2023-03-09 17:00:00"),
(14, 14, "2023-03-08 09:00:00", "2023-03-12 11:00:00"),
(15, 15, "2023-03-15 03:00:00", "2023-03-19 01:00:00"),
(16, 16, "2023-03-18 19:00:00", "2023-03-21 19:00:00"),
(17, 17, "2023-03-20 22:00:00", "2023-03-25 16:00:00"),
(18, 18, "2023-03-27 23:00:00", "2023-03-29 12:00:00"),
(19, 19, "2023-03-28 01:00:00", "2023-03-30 13:00:00"),
(20, 20, "2023-03-29 20:00:00", "2023-04-03 15:00:00");

INSERT INTO reservation VALUES
(11, 11, "Αντώνης", "Ηλία", "ADULT"),
(12, 12, "Γιώργος", "Κώστα", "ADULT"),
(13, 13, "Κλεονίκη", "Ανδρέου", "ADULT"),
(14, 14, "Μαρία", "Μάρκου", "ADULT"),
(15, 15, "Γιώργος", "Παπαγεωργίου", "MINOR"),
(16, 16, "Μάριος", "Μαρίνου", "MINOR"),
(17, 17, "Γιάννης", "Καραγιάννης", "MINOR"),
(18, 18, "Ιωάννα", "Ιωάννου", "ADULT"),
(19, 19, "Ιωσήφ", "Ιακωβίδης", "ADULT"),
(20, 20, "Κατερίνα", "Λουκά", "MINOR");

