INSERT INTO branch VALUES
(null,"Via Flaminia",87,"Ρώμη"),
(null,"Via Leone Magno",2,"Ρώμη"),
(null,"Via della Moletta",17,"Ρώμη"),
(null,"Via Salvatore Talamo",26,"Ρώμη"),
(null,"Via Arbe",3,"Μιλάνο"),
(null,"Via Vignola",41,"Μιλάνο"),
(null,"Via Duomo",38,"Νάπολη"),
(null,"Via Luigi Volpicella",21,"Νάπολη"),
(null,"Via Vittorio Alfieri",8,"Τουρίνο"),
(null,"Via Umberto Giordano",51,"Παλέρμο");


INSERT INTO phones VALUES
(1,6923454351),
(2,6921234650),
(3,6923458432),
(4,6923454351),
(5,6923454355),
(6,6923454358),
(7,6942544234),
(8,6923453245),
(9,6923454350),
(10,6934875674);


INSERT INTO worker VALUES
(8284363,"Γιώργος","Γεωργίου",1432.10,1),
(4922962,"Αντώνης","Αντωνίου",2233.03,2),
(7569723,"Ανδρέας","Ανδρέου",1800.43,3),
(9634855,"Λούκας","Λουκά",2334.45,4),
(5669859,"Κώστας","Κώστα",1700.11,5),
(9778872,"Ιωάννα","Ιωάννου",1233.23,6),
(0027123,"Ορέστης","Ορέστη",1200.00,7),
(1173303,"Εφραιμ","Εφραιμίου",2452.01,8),
(1318228,"Ιουλία","Ιουλίου",1309.00,9),
(2173148,"Μπρους","Γουέην",5000.00,10),
(6445806,"Έμιλι","Τάουνσεντ",2559.00,1),
(6930705,"Όλυ","Ντέιβιντσον",1904.00,2),
(1991121,"Ουέιντ","Ζίμερμαν",4020.00,3),
(5920309,"Γιώργος","Τζιοβάνης",5000.99,4),
(4786524,"Βίκτορ","Τζάκσον",3024.00,5),
(5727702,"Τίμοθι","Ρότζερς",1684.00,6),
(9961983,"Ματθίλντα","Χάμφρεϊ",3076.00,7),
(1180502,"Μάιλς","Κοξ",2499.00,8),
(6058737,"Μάθιου","Φόλεϊ",4171.00,9),
(2232113,"Μπρουκ","Ουίλιαμς",2127.00,10),
(1548698, "Μάνος","Αναστασίου",2568.00,1),
(1489865,"Κωσταντίνος","Κατακουζηνός",4999.99,2),
(5268964, "Θωμά", "Αντωνίου",1234.56,3),
(2356484,"Κωσταντίνος","Κυριάκου",1000.00,4),
(7895964,"Μαρία","Παρασκευά",4856.70,5),
(1457846,"Γεωργία","Παναγιώτου",3568.99,6),
(5684685,"Χριστίνα","Χρίστου",2563.78,7),
(6564561,"Παναγιώτα","Γεωργίου",4038.00,8),
(6623468,"Παρασκεύη","Κωσταντίνου",1457.86,9),
(3154985,"Κυριακή","Θωμά",5458.48,10),
(7896486,"Μελπομένη","Νεοφύτου",5866.00,1),
(2315191,"Ευφημία","Γεοργίου",5689.00,2),
(2021560,"Παντελής","Παπαπασχάλης",4785.00,3),
(9854054,"Αγαθή","Αιμιλίου",6000.00,4),
(7486510,"Ευθυμία","Ματθαίου",5856.00,5),
(3205460,"Γιάννης","Σπύρος",4568.00,6),
(8564120,"Βούλα","Σαμαρά",5879.00,7),
(8659785,"Βλάσης","Παχής",4586.00,8),
(6859748,"Σπύρο","Δημητρίου",3256.00,9),
(3151351,"Μηχαήλ","Γεωργίου",4563.00,10);

INSERT INTO it VALUES 
(7896486,0123456789,"2020-12-13 18:30:00","2025-12-13 18:30:00"),
(2315191,0123456789,"2000-01-13 00:00:00","2030-01-13 00:00:00"),
(2021560,0123456789,"1999-03-23 00:00:00","2023-03-23 00:00:00"),
(9854054,0123456789,"2018-02-17 00:00:00","2028-02-17 00:00:00"),
(7486510,0123456789,"2001-01-13 00:00:00","2024-01-13 00:00:00"),
(3205460,0123456789,"2007-04-13 00:00:00","2027-04-13 00:00:00"),
(8564120,0123456789,"2023-01-13 00:00:00","2030-01-13 00:00:00"),
(8659785,0123456789,"2020-08-13 00:00:00","2030-08-13 00:00:00"),
(6859748,0123456789,"2000-01-13 00:00:00","2030-01-13 00:00:00"),
(3151351,0123456789,"2003-01-13 00:00:00","2023-01-13 00:00:00");


INSERT INTO _admin VALUES
(6445806,"ADMINISTRATIVE","Bachelor of Arts in Business Administration"),
(6930705,"ADMINISTRATIVE","Bachelor of Science in Logistics Management"),
(1991121,"ADMINISTRATIVE","Bachelor of Science in Logistics Management"),
(5920309,"ADMINISTRATIVE","Bachelor of Arts in Business Administration"),
(4786524,"ADMINISTRATIVE","Bachelor of Science in Accounting"),
(5727702,"ADMINISTRATIVE","Bachelor of Science in Accounting"),
(9961983,"ADMINISTRATIVE","Bachelor of Arts in Business Administration"),
(1180502,"ADMINISTRATIVE","Bachelor of Science in Accounting"),
(6058737,"ADMINISTRATIVE","Bachelor of Arts in Business Administration"),
(2232113,"ADMINISTRATIVE","Bachelor of Science in Logistics Management");

INSERT INTO manages VALUES
(6445806,1),
(6930705,2),
(1991121,3),
(5920309,4),
(4786524,5),
(5727702,6),
(9961983,7),
(1180502,8),
(6058737,9),
(2232113,10);

INSERT INTO driver VALUES
(8284363,"A","LOCAL",7),
(4922962,"C","ABROAD",2),
(7569723,"B","ABROAD",5),
(9634855,"D","LOCAL",1),
(5669859,"B","LOCAL",5),
(9778872,"A","ABROAD",9),
(0027123,"C","ABROAD",4),
(1173303,"B","ABROAD",6),
(1318228,"D","LOCAL",1),
(2173148,"A","LOCAL",10);

INSERT INTO guide VALUES
(1548698,"one Language"),
(1489865,"Multiple Languages"),
(5268964,"one Language"),
(2356484,"one Language"),
(7895964,"Multiple Languages"),
(1457846,"Multiple Languages"),
(5684685,"one Language"),
(6564561,"Multiple Languages"),
(6623468,"one Language"),
(3154985,"Multiple Languages");

INSERT INTO languages VALUES
(1548698,"English"),
(1489865,"Greek "),
(5268964,"Greek"),
(2356484,"English"),
(7895964,"Russian"),
(1457846,"Egyptian"),
(5684685,"French"),
(6564561,"German"),
(6623468,"chinese"),
(3154985,"Japanese");

INSERT INTO trip VALUES
(NULL,"2022-12-13 18:30:00","2022-12-18 09:00:00",4,1000.00,1,1548698,8284363),
(NULL,"2022-12-18 18:30:00","2022-12-22 09:00:00",1,250.00,2,1489865,4922962),
(NULL,"2022-12-22 18:30:00","2022-12-27 09:00:00",2,500.00,3,5268964,7569723),
(NULL,"2022-12-27 18:30:00","2023-01-01 09:00:00",3,750.00,4,2356484,9634855),
(NULL,"2023-01-01 18:30:00","2023-01-06 09:00:00",5,1250.00,5,7895964,5669859),
(NULL,"2023-01-06 18:30:00","2023-01-11 09:00:00",3,750.00,6,1457846,9778872),
(NULL,"2022-01-11 18:30:00","2023-01-16 09:00:00",8,2000.00,7,5684685,0027123),
(NULL,"2022-01-16 18:30:00","2023-01-21 09:00:00",4,1000.00,8,6564561,1173303),
(NULL,"2022-01-21 18:30:00","2023-01-26 09:00:00",2,500.00,9,6623468,1318228),
(NULL,"2022-01-26 18:30:00","2023-01-31 09:00:00",9,2250.00,10,3154985,2173148),
(NULL, "2023-03-01 13:00:00", "2023-03-07 17:00:00", 2, 449.99, 1, 1548698, 8284363),
(NULL, "2023-03-03 11:00:00", "2023-03-07 12:00:00", 1, 200.00, 2, 1489865, 4922962),
(NULL, "2023-03-06 10:00:00", "2023-03-09 17:00:00", 3, 529.99, 3, 5268964, 7569723),
(NULL, "2023-03-08 09:00:00", "2023-03-12 11:00:00", 4, 600.00, 4, 2356484, 9634855),
(NULL, "2023-03-15 03:00:00", "2023-03-19 01:00:00", 2, 449.99, 5, 7895964, 5669859),
(NULL, "2023-03-18 19:00:00", "2023-03-21 19:00:00", 3, 529.99, 6, 1457846, 9778872),
(NULL, "2023-03-20 22:00:00", "2023-03-25 16:00:00", 2, 449.99, 7, 5684685, 0027123),
(NULL, "2023-03-27 23:00:00", "2023-03-29 12:00:00", 2, 449.99, 8, 6564561, 1173303),
(NULL, "2023-03-28 01:00:00", "2023-03-30 13:00:00", 4, 600.99, 9, 6623468, 1318228),
(NULL, "2023-03-29 20:00:00", "2023-04-03 15:00:00", 3, 529.99, 10, 3154985, 2173148),
(null,"2023-01-13 10:00:00","2023-01-20 22:00:00",5,1000.00,1,1548698,8284363),
(null,"2023-02-13 10:00:00","2023-02-20 22:00:00",5,1637.00,2,1489865,4922962),
(null,"2023-03-13 10:00:00","2023-03-20 22:00:00",9,1776.00,3,5268964,7569723),
(null,"2023-04-13 10:00:00","2023-04-20 22:00:00",8,1462.00,4,2356484,9634855),
(null,"2023-05-13 10:00:00","2023-05-20 22:00:00",7,1172.00,5,7895964,5669859),
(null,"2023-06-13 10:00:00","2023-06-20 22:00:00",8,1152.00,6,1457846,9778872),
(null,"2023-07-13 10:00:00","2023-07-20 22:00:00",8,1889.00,7,5684685,0027123),
(null,"2023-08-13 10:00:00","2023-08-20 22:00:00",9,1747.00,8,6564561,1173303),
(null,"2023-09-13 10:00:00","2023-09-20 22:00:00",10,1390.00,9,6623468,1318228),
(null,"2023-10-13 10:00:00","2023-10-20 22:00:00",10,1954.00,10,3154985,2173148);

INSERT INTO event VALUES
(1,"22-12-15 13:00:00","22-12-15 16:00:00","Free Lunch"),
(2,"22-12-20 13:00:00","22-12-20 16:00:00","Free Lunch"),
(3,"22-12-25 13:00:00","22-12-25 16:00:00","Free Lunch"),
(4,"22-12-30 13:00:00","22-12-30 16:00:00","Free Lunch"),
(5,"23-01-04 13:00:00","22-01-04 16:00:00","Free Lunch"),
(6,"23-01-09 13:00:00","22-01-09 16:00:00","Free Lunch"),
(7,"23-01-14 13:00:00","22-01-14 16:00:00","Free Lunch"),
(8,"23-01-19 13:00:00","22-01-19 16:00:00","Free Lunch"),
(9,"23-01-24 13:00:00","22-01-24 16:00:00","Free Lunch"),
(10,"23-01-29 13:00:00","22-01-29 16:00:00","Free Lunch"),
(11 , "2023-03-02 13:00:00", "2023-03-03 17:00:00", "heavy metal concert"),
(12 , "2023-03-04 11:00:00", "2023-03-05 12:00:00", "rock concert"),
(13 , "2023-03-07 10:00:00", "2023-03-08 17:00:00", "pop concert"),
(14 , "2023-03-09 09:00:00", "2023-03-10 11:00:00", "jazz concert"),
(15 , "2023-03-16 03:00:00", "2023-03-17 01:00:00", "heavy metal concert"),
(16 , "2023-03-19 19:00:00", "2023-03-20 19:00:00", "rock concert"),
(17 , "2023-03-21 22:00:00", "2023-03-22 16:00:00", "pop concert"),
(18 , "2023-03-28 23:00:00", "2023-03-29 12:00:00", "jazz concert"),
(19 , "2023-03-29 01:00:00", "2023-03-30 13:00:00", "heavy metal concert"),
(20 , "2023-03-30 20:00:00", "2023-03-31 15:00:00", "rock concert"),
(21,"2023-01-15 11:30:00","2023-01-15 13:30:00","Beach Day Adventure"),
(22,"2023-02-15 11:30:00","2023-02-15 13:30:00","Mountain Hiking Excursion"),
(23,"2023-03-15 11:30:00","2023-03-15 13:30:00","Jojo Pose Competition"),
(24,"2023-04-15 11:30:00","2023-04-15 13:30:00","Historical City Walking Tour"),
(25,"2023-05-15 11:30:00","2023-05-15 13:30:00","Scenic River Boat Ride"),
(26,"2023-06-15 11:30:00","2023-06-15 16:30:00","Spa Day Retreat"),
(27,"2023-07-15 21:30:00","2023-07-15 23:30:00","Nightlife Pub Crawl"),
(28,"2023-08-15 11:30:00","2023-08-15 13:30:00","Amusement Park Fun"),
(29,"2023-09-15 11:30:00","2023-09-15 13:30:00","Cultural Village Tour"),
(30,"2023-10-15 11:30:00","2023-10-15 13:30:00","Skydiving Adventure");

INSERT INTO destination VALUES
(NULL,"Athens","beautiful",'LOCAL',"Greek",1),
(NULL,"Paris","High Class",'ABROAD',"French",2),
(NULL,"Larnaca","Traditional",'ABROAD',"Greek",3),
(NULL,"Pafos","Traditional",'ABROAD',"Greek",3),
(NULL,"Lemesos","Traditional",'ABROAD',"Greek",3),
(NULL,"Tokyo","Traditional, futuristic, beautiful",'ABROAD',"Japanese",4),
(NULL,"Patra","Traditional",'LOCAL',"Greek",1),
(NULL,"Thessaloniki","Traditional",'LOCAL',"Greek",1),
(NULL,"Athens","Beautiful",'LOCAL',"Greek",1),
(NULL,"Peireas","Beautiful",'LOCAL',"Greek",1),
(NULL, "Athens", "Parthenon", "LOCAL", "GREEK", 1),
(NULL, "Thessaloniki", "white tower thessaloniki", "LOCAL", "GREEK", 1),
(NULL, "Rome", "colosseum", "ABROAD", "ITALIAN", 5),
(NULL, "Milan", "majestic Duomo Cathedral", "ABROAD", "ITALIAN", 5),
(NULL, "Paris", "eiffel tower", "ABROAD", "FRENCH", 2),
(NULL, "Lyon", "Fourviere hill", "ABROAD", "FRENCH", 2),
(NULL, "Berlin", "Brandenburg Gate", "ABROAD", "GERMAN", 6),
(NULL, "Munich", "largest breweries in Germany", "ABROAD", "GERMAN", 6),
(NULL, "Beijing", "Great Wall of China", "ABROAD", "CHINESE", 7),
(NULL, "Shanghai", "the bund", "ABROAD", "CHINESE", 7),
(null,"Rio de Janeiro","carnival, football, beaches","ABROAD"," Portuguese",8),
(null,"Mumbai"," spices, diversity, spirituality","ABROAD","Hindi",9),
(null,"Beijing","great Wall, pandas, tea","ABROAD","Mandarin",10),
(null,"New York City","freedom, opportunities, diversity","ABROAD","English",11),
(null,"Mexico City","tacos, mariachi, sombreros","ABROAD","Spanish",12),
(null,"Tokyo","sushi, technology, temples","ABROAD","Japanese",4),
(null,"Cairo","pyramids, hieroglyphics, deserts","ABROAD","Arabic",13),
(null,"Paris","wine, fashion, art","ABROAD","French",2),
(null,"Toronto","maple syrup, hockey, politeness","ABROAD","English and French",14),
(null,"Sydney","kangaroos, beaches, barbecues","ABROAD","English",15);

INSERT INTO travel_to VALUES
(1,1,"2022-12-13 18:30:00","2022-12-18 09:00:00"),
(2,2,"2022-12-18 18:30:00","2022-12-22 09:00:00"),
(3,3,"2022-12-22 18:30:00","2022-12-27 09:00:00"),
(4,4,"2022-12-27 18:30:00","2023-01-01 09:00:00"),
(5,5,"2023-01-01 18:30:00","2023-01-06 09:00:00"),
(6,6,"2023-01-06 18:30:00","2023-01-11 09:00:00"),
(7,7,"2022-01-11 18:30:00","2023-01-16 09:00:00"),
(8,8,"2022-01-16 18:30:00","2023-01-21 09:00:00"),
(9,9,"2022-01-21 18:30:00","2023-01-26 09:00:00"),
(10,10,"2022-01-26 18:30:00","2023-01-31 09:00:00"),
(11,11,"2023-03-01 13:00:00","2023-03-07 17:00:00"),
(12,12,"2023-03-03 11:00:00","2023-03-07 12:00:00"),
(13,13,"2023-03-06 10:00:00","2023-03-09 17:00:00"),
(14,14,"2023-03-08 09:00:00","2023-03-12 11:00:00"),
(15,15,"2023-03-15 03:00:00","2023-03-19 01:00:00"),
(16,16,"2023-03-18 19:00:00","2023-03-21 19:00:00"),
(17,17,"2023-03-20 22:00:00","2023-03-25 16:00:00"),
(18,18,"2023-03-27 23:00:00","2023-03-29 12:00:00"),
(19,19,"2023-03-28 01:00:00","2023-03-30 13:00:00"),
(20,20,"2023-03-29 20:00:00","2023-04-03 15:00:00"),
(21,21,"2023-01-13 16:00:00","2023-01-20 15:00:00"),
(22,22,"2023-02-13 16:00:00","2023-02-20 15:00:00"),
(23,23,"2023-03-13 16:00:00","2023-03-20 15:00:00"),
(24,24,"2023-04-13 16:00:00","2023-04-20 15:00:00"),
(25,25,"2023-05-13 16:00:00","2023-05-20 15:00:00"),
(26,26,"2023-06-13 16:00:00","2023-06-20 15:00:00"),
(27,27,"2023-07-13 16:00:00","2023-07-20 15:00:00"),
(28,28,"2023-08-13 16:00:00","2023-08-20 15:00:00"),
(29,29,"2023-09-13 16:00:00","2023-09-20 15:00:00"),
(30,30,"2023-10-13 16:00:00","2023-10-20 15:00:00");

INSERT INTO reservation VALUES
(1,1,"Μάρια","Κυριάκου","ADULT"),
(2,2,"Κωνσταντίνα","Αντωνίου","ADULT"),
(3,3,"Κυριάκος","Θεοδόρου","ADULT"),
(4,4,"Εφραιμ","Κυρικού","ADULT"),
(5,5,"Ορεστής","Κυριάκου","ADULT"),
(6,6,"Χαρά","Θεωδοσίου","ADULT"),
(7,7,"Αντώνης","Ανδρέου","ADULT"),
(8,8,"Αντρεα","Μάθιου","ADULT"),
(9,9,"Φώτης","Μπρουκ","ADULT"),
(10,10,"Κυριακή","Παρασκευά","ADULT"),
(11,11,"Αντώνης","Ηλία","ADULT"),
(12,12,"Γιώργος","Κώστα","ADULT"),
(13,13,"Κλεονίκη","Ανδρέου","ADULT"),
(14,14,"Μαρία","Μάρκου","ADULT"),
(15,15,"Γιώργος","Παπαγεωργίου","MINOR"),
(16,16,"Μάριος","Μαρίνου","MINOR"),
(17,17,"Γιάννης","Καραγιάννης","MINOR"),
(18,18,"Ιωάννα","Ιωάννου","ADULT"),
(19,19,"Ιωσήφ","Ιακωβίδης","ADULT"),
(20,20,"Κατερίνα","Λουκά","MINOR"),
(21,1,"Αθηνά","Παππά","ADULT"),
(22,1,"Νικόλας","Καρακάσης","ADULT"),
(23,1,"Βασίλης","Χριστοδούλου","ADULT"),
(24,1,"Ελένη","Γεωργίου","ADULT"),
(25,1,"Κωνσταντίνος","Τσίτος","ADULT"),
(26,1,"Μαρία","Αργυρού","ADULT"),
(27,1,"Δημήτριος","Φωτόπουλος","ADULT"),
(28,1,"Κατερίνα","Παπαδοπούλου","ADULT"),
(29,1,"Αναστασία","Κουτσούκου","ADULT"),
(30,1,"Σταύρος","Καλαμάκης","ADULT");


INSERT INTO offers VALUES
(1,"2023-01-01","2023-01-31",200,1),
(2,"2023-03-01","2023-03-27",500,2),
(3,"2023-04-01","2023-04-20",250,3);
